frame_file,frame_idx,class,confidence,bbox_x1,bbox_y1,bbox_x2,bbox_y2,matched_product_id,similarity,match_type
frame_00000.jpg,0,person,0.8602513074874878,5.005188,48.945923,701.5284,1278.0905,,0.0,file_not_found
frame_00000.jpg,0,umbrella,0.335028201341629,4.845703,0.0,720.0,727.09515,,0.0,file_not_found
frame_00001.jpg,1,person,0.8602499961853027,5.005249,48.944702,701.52844,1278.0905,,0.0,file_not_found
frame_00001.jpg,1,umbrella,0.3350850641727447,4.836487,0.0,720.0,726.8846,,0.0,file_not_found
frame_00002.jpg,2,person,0.8662979006767273,4.930786,51.453857,676.9898,1279.0942,,0.0,file_not_found
frame_00002.jpg,2,umbrella,0.2717716693878174,4.6688843,0.0,720.0,711.70593,,0.0,file_not_found
frame_00003.jpg,3,person,0.8705777525901794,4.581787,46.665405,677.8489,1279.0195,,0.0,file_not_found
frame_00003.jpg,3,umbrella,0.2722041606903076,4.4699707,0.0,720.0,716.3157,,0.0,file_not_found
frame_00004.jpg,4,person,0.8616811037063599,3.355713,46.276733,679.42725,1279.2885,,0.0,file_not_found
frame_00004.jpg,4,umbrella,0.2779728472232818,2.5386963,0.09320068,720.0,867.06903,,0.0,file_not_found
frame_00005.jpg,5,person,0.8608198761940002,2.6274414,46.457886,681.06824,1279.2284,,0.0,file_not_found
frame_00006.jpg,6,person,0.8598159551620483,2.8711548,48.089478,682.31744,1279.1512,,0.0,file_not_found
frame_00007.jpg,7,person,0.8579370379447937,3.2598267,48.14734,683.3465,1278.9829,,0.0,file_not_found
frame_00008.jpg,8,person,0.8584336042404175,4.9141846,49.51062,682.5664,1278.812,,0.0,file_not_found
frame_00009.jpg,9,person,0.8581032752990723,5.139282,45.940674,701.9093,1277.3267,,0.0,file_not_found
frame_00010.jpg,10,person,0.8507044911384583,4.4639893,45.773926,702.4978,1277.515,,0.0,file_not_found
frame_00011.jpg,11,person,0.8518763780593872,6.4853516,41.595093,700.81213,1277.4456,,0.0,file_not_found
frame_00011.jpg,11,umbrella,0.2541157901287079,4.8323975,0.04321289,720.0,652.7737,,0.0,file_not_found
frame_00012.jpg,12,person,0.860257089138031,4.5891113,50.76758,684.7257,1278.6565,,0.0,file_not_found
frame_00012.jpg,12,umbrella,0.337012231349945,3.2544556,0.18048096,720.0,649.9522,,0.0,file_not_found
frame_00013.jpg,13,person,0.8668609261512756,3.6811523,49.75952,685.79016,1278.5398,,0.0,file_not_found
frame_00013.jpg,13,umbrella,0.327413946390152,2.234253,0.37384033,720.0,622.1061,,0.0,file_not_found
frame_00014.jpg,14,person,0.8695930242538452,4.2264404,55.308228,686.2937,1278.0846,,0.0,file_not_found
frame_00014.jpg,14,umbrella,0.3850814700126648,4.3546143,0.0,720.0,725.03125,,0.0,file_not_found
frame_00015.jpg,15,person,0.8692156076431274,5.6152954,49.991455,686.07605,1278.5166,,0.0,file_not_found
frame_00015.jpg,15,umbrella,0.3628637790679931,3.4558716,1.4737549,720.0,832.9879,,0.0,file_not_found
frame_00015.jpg,15,umbrella,0.2766996920108795,2.9389648,0.22058105,720.0,522.4387,,0.0,file_not_found
frame_00016.jpg,16,person,0.8606767058372498,4.913086,63.549194,688.55615,1278.5276,,0.0,file_not_found
frame_00016.jpg,16,umbrella,0.3347254991531372,5.109375,0.0,720.0,804.3371,,0.0,file_not_found
frame_00017.jpg,17,person,0.8607260584831238,4.80719,56.020874,689.75586,1278.6505,,0.0,file_not_found
frame_00017.jpg,17,umbrella,0.4363162815570831,12.330444,2.133667,720.0,869.20435,,0.0,file_not_found
frame_00018.jpg,18,person,0.8721864223480225,6.0213013,55.358276,691.555,1278.6825,,0.0,file_not_found
frame_00018.jpg,18,umbrella,0.4083826541900635,14.4823,2.6308594,720.0,795.8894,,0.0,file_not_found
frame_00019.jpg,19,person,0.8779104351997375,6.9230347,57.0437,691.1631,1279.0956,,0.0,file_not_found
frame_00019.jpg,19,umbrella,0.3625739216804504,6.2581177,0.0,720.0,697.50854,,0.0,file_not_found
frame_00020.jpg,20,person,0.8842476606369019,6.5976562,60.634766,690.56885,1279.7439,,0.0,file_not_found
frame_00020.jpg,20,umbrella,0.3668146133422851,6.217102,0.0,720.0,745.76715,,0.0,file_not_found
frame_00021.jpg,21,person,0.8869746327400208,7.07312,65.54358,690.5536,1280.0,,0.0,file_not_found
frame_00021.jpg,21,umbrella,0.3158891797065735,6.237671,0.0,720.0,743.8723,,0.0,file_not_found
frame_00022.jpg,22,person,0.8896263241767883,5.885071,77.29028,691.21625,1280.0,,0.0,file_not_found
frame_00022.jpg,22,umbrella,0.2626543939113617,6.544861,0.0,719.35406,785.4969,,0.0,file_not_found
frame_00023.jpg,23,person,0.886496901512146,5.8099365,74.10925,690.85925,1280.0,,0.0,file_not_found
frame_00023.jpg,23,umbrella,0.2756285071372986,6.4453125,0.0,719.63464,806.62494,,0.0,file_not_found
frame_00024.jpg,24,person,0.8844387531280518,6.071045,84.976074,691.6019,1280.0,,0.0,file_not_found
frame_00024.jpg,24,umbrella,0.3069595396518707,6.0161743,0.2387085,719.10297,746.92377,,0.0,file_not_found
frame_00025.jpg,25,person,0.8903933763504028,7.140442,81.58789,691.0942,1280.0,,0.0,file_not_found
frame_00025.jpg,25,umbrella,0.2981524765491485,5.6019897,0.22454834,718.8395,716.0491,,0.0,file_not_found
frame_00026.jpg,26,person,0.890963613986969,6.4768066,83.13489,690.3772,1280.0,,0.0,file_not_found
frame_00026.jpg,26,umbrella,0.4031098186969757,5.010254,3.3562622,720.0,646.1128,,0.0,file_not_found
frame_00027.jpg,27,person,0.8948428630828857,7.406616,82.729614,690.45276,1280.0,,0.0,file_not_found
frame_00027.jpg,27,umbrella,0.4026264250278473,4.7683105,3.4545898,720.0,633.77075,,0.0,file_not_found
frame_00027.jpg,27,umbrella,0.283823698759079,2.0826416,2.50708,719.7166,912.5948,,0.0,file_not_found
frame_00028.jpg,28,person,0.8955338597297668,7.164551,78.97156,691.4928,1280.0,,0.0,file_not_found
frame_00028.jpg,28,umbrella,0.4375447630882263,4.8481445,3.763855,720.0,682.40393,,0.0,file_not_found
frame_00029.jpg,29,person,0.8999244570732117,6.2875977,74.394775,692.9351,1280.0,,0.0,file_not_found
frame_00029.jpg,29,umbrella,0.4179750084877014,4.5717163,3.949463,720.0,707.6765,,0.0,file_not_found
frame_00030.jpg,30,person,0.900674045085907,5.6966553,71.72168,693.6505,1280.0,,0.0,file_not_found
frame_00030.jpg,30,umbrella,0.4006884694099426,4.8064575,4.119568,720.0,754.73035,,0.0,file_not_found
frame_00034.jpg,34,person,0.9062044620513916,0.0,64.44238,720.0,1280.0,,0.0,file_not_found
frame_00034.jpg,34,tie,0.8465059399604797,159.41782,913.11646,416.25443,1279.5276,,0.0,file_not_found
frame_00035.jpg,35,person,0.9008514285087584,0.0,67.54224,720.0,1280.0,,0.0,file_not_found
frame_00035.jpg,35,tie,0.8221453428268433,159.62268,914.2582,417.82996,1279.5153,,0.0,file_not_found
frame_00036.jpg,36,person,0.9089803695678712,0.0,66.1344,720.0,1280.0,,0.0,file_not_found
frame_00036.jpg,36,tie,0.8206078410148621,160.6995,916.65015,418.83926,1279.6025,,0.0,file_not_found
frame_00037.jpg,37,person,0.8976513743400574,0.0,72.83423,720.0,1280.0,,0.0,file_not_found
frame_00037.jpg,37,tie,0.8378424048423767,163.47011,918.19995,418.9923,1279.5459,,0.0,file_not_found
frame_00038.jpg,38,person,0.8936918377876282,0.0,75.3241,720.0,1275.0055,,0.0,file_not_found
frame_00038.jpg,38,tie,0.8202522397041321,167.13094,919.45435,421.34528,1279.5393,,0.0,file_not_found
frame_00039.jpg,39,person,0.9000568389892578,1.0827637,74.96338,720.0,1274.9563,,0.0,file_not_found
frame_00039.jpg,39,tie,0.8473260998725891,171.36378,919.1882,424.4751,1279.5505,,0.0,file_not_found
frame_00040.jpg,40,person,0.8866344094276428,0.11804199,85.507324,720.0,1276.386,,0.0,file_not_found
frame_00040.jpg,40,tie,0.8400328159332275,174.82121,920.29614,427.53094,1279.5847,,0.0,file_not_found
frame_00041.jpg,41,person,0.8904240727424622,5.51001,84.98279,720.0,1274.75,,0.0,file_not_found
frame_00041.jpg,41,tie,0.8606774210929871,178.94687,922.20807,428.37173,1279.1548,,0.0,file_not_found
frame_00042.jpg,42,person,0.887454628944397,7.414612,89.47363,720.0,1275.5435,,0.0,file_not_found
frame_00042.jpg,42,tie,0.8604720830917358,183.11502,923.8895,430.3323,1279.1427,,0.0,file_not_found
frame_00043.jpg,43,person,0.8758774995803833,0.0,112.39038,720.0,1275.3054,,0.0,file_not_found
frame_00043.jpg,43,tie,0.8610900044441223,188.07861,926.34924,430.53094,1279.1417,,0.0,file_not_found
frame_00044.jpg,44,person,0.8905819654464722,15.224121,104.08472,720.0,1275.5043,,0.0,file_not_found
frame_00044.jpg,44,tie,0.8581705093383789,190.88733,933.4192,431.258,1279.2034,,0.0,file_not_found
frame_00045.jpg,45,person,0.8876644372940063,16.85376,109.177124,720.0,1275.0492,,0.0,file_not_found
frame_00045.jpg,45,tie,0.8640753030776978,192.83145,938.1122,433.07132,1279.213,,0.0,file_not_found
frame_00046.jpg,46,person,0.8980583548545837,6.4401855,106.87988,720.0,1276.3276,,0.0,file_not_found
frame_00046.jpg,46,tie,0.8435465097427368,196.61874,938.0851,436.1857,1279.6747,,0.0,file_not_found
frame_00047.jpg,47,person,0.8895300030708313,10.796448,108.22766,720.0,1276.2277,,0.0,file_not_found
frame_00047.jpg,47,tie,0.8232319355010986,200.75195,939.0186,437.59106,1279.2075,,0.0,file_not_found
frame_00048.jpg,48,person,0.891248881816864,26.575012,106.40906,719.4814,1274.8615,,0.0,file_not_found
frame_00048.jpg,48,tie,0.8496605753898621,203.27286,938.3559,446.5015,1279.6284,,0.0,file_not_found
frame_00049.jpg,49,person,0.9058903455734252,7.6413574,111.15393,719.7527,1276.2675,,0.0,file_not_found
frame_00049.jpg,49,tie,0.8433249592781067,206.02785,937.49854,451.95337,1279.085,,0.0,file_not_found
frame_00050.jpg,50,person,0.908657729625702,17.347778,108.800415,720.0,1273.0555,,0.0,file_not_found
frame_00050.jpg,50,tie,0.9020583629608154,208.7431,934.754,451.31464,1279.6539,,0.0,file_not_found
frame_00051.jpg,51,person,0.9039283394813538,18.680786,110.79346,720.0,1272.4934,,0.0,file_not_found
frame_00051.jpg,51,tie,0.8829019665718079,210.94302,933.6239,454.97897,1279.6342,,0.0,file_not_found
frame_00052.jpg,52,person,0.8888426423072815,30.341187,108.4928,720.0,1273.128,,0.0,file_not_found
frame_00052.jpg,52,tie,0.8868139386177063,214.7008,931.60925,458.7323,1279.6427,,0.0,file_not_found
frame_00053.jpg,53,tie,0.8932968974113464,218.82666,927.7468,460.42828,1279.6165,,0.0,file_not_found
frame_00053.jpg,53,person,0.8880146145820618,20.05017,120.49097,720.0,1276.6663,,0.0,file_not_found
frame_00054.jpg,54,tie,0.8904978036880493,222.49976,928.29517,463.17004,1279.6042,,0.0,file_not_found
frame_00054.jpg,54,person,0.8755078315734863,32.499146,121.312744,720.0,1276.6487,,0.0,file_not_found
frame_00055.jpg,55,tie,0.8921640515327454,225.8925,931.01746,464.6031,1279.6056,,0.0,file_not_found
frame_00055.jpg,55,person,0.8719635605812073,40.276,114.08362,720.0,1272.0441,,0.0,file_not_found
frame_00056.jpg,56,tie,0.8815317153930664,229.47717,930.0805,467.91095,1279.5093,,0.0,file_not_found
frame_00056.jpg,56,person,0.8730645775794983,49.563843,111.52002,720.0,1274.4963,,0.0,file_not_found
frame_00057.jpg,57,person,0.8699417114257812,47.02484,117.6875,720.0,1276.2898,,0.0,file_not_found
frame_00057.jpg,57,tie,0.8358007669448853,231.65729,926.761,468.0733,1279.5178,,0.0,file_not_found
frame_00058.jpg,58,person,0.8638924956321716,44.876465,115.30237,720.0,1276.4464,,0.0,file_not_found
frame_00058.jpg,58,tie,0.8449804186820984,232.1936,924.4446,468.73633,1279.5161,,0.0,file_not_found
frame_00059.jpg,59,person,0.853759229183197,42.676514,115.51453,720.0,1276.6372,,0.0,file_not_found
frame_00059.jpg,59,tie,0.8499852418899536,230.37405,922.66797,468.61154,1279.565,,0.0,file_not_found
frame_00060.jpg,60,tie,0.8799940347671509,227.20564,921.473,465.9433,1279.5995,,0.0,file_not_found
frame_00060.jpg,60,person,0.8567698001861572,65.06842,106.32141,720.0,1276.0289,,0.0,file_not_found
frame_00061.jpg,61,tie,0.879546046257019,223.80505,919.926,463.69073,1279.675,,0.0,file_not_found
frame_00061.jpg,61,person,0.8590775728225708,37.450806,110.90759,720.0,1277.1412,,0.0,file_not_found
frame_00062.jpg,62,person,0.8675143718719482,310.2788,201.34647,645.171,1179.9988,,0.0,file_not_found
frame_00062.jpg,62,person,0.7758640646934509,71.64612,156.1565,348.53192,1263.7092,,0.0,file_not_found
frame_00062.jpg,62,handbag,0.250271588563919,498.59918,770.07227,646.5308,1087.6461,,0.0,file_not_found
frame_00063.jpg,63,person,0.8686310648918152,310.07867,194.60721,646.6964,1192.1372,,0.0,file_not_found
frame_00063.jpg,63,person,0.7776439785957336,67.16144,154.62646,346.8818,1263.8195,,0.0,file_not_found
frame_00063.jpg,63,handbag,0.2956795394420624,502.29504,770.4121,647.1134,1088.1945,,0.0,file_not_found
frame_00064.jpg,64,person,0.8761671185493469,312.95905,201.5798,643.5783,1176.8323,,0.0,file_not_found
frame_00064.jpg,64,person,0.7779496312141418,65.5556,154.55139,346.87213,1264.5396,,0.0,file_not_found
frame_00065.jpg,65,person,0.8693050742149353,312.48633,201.56409,643.6979,1177.7726,,0.0,file_not_found
frame_00065.jpg,65,person,0.7660021781921387,62.361145,153.66736,345.8806,1262.6378,,0.0,file_not_found
frame_00065.jpg,65,handbag,0.2578849196434021,501.1308,770.0403,647.0766,1089.1561,,0.0,file_not_found
frame_00066.jpg,66,person,0.8689287900924683,309.48206,193.04276,647.32495,1187.7676,,0.0,file_not_found
frame_00066.jpg,66,person,0.7614638209342957,41.858337,153.35815,346.99335,1259.2627,,0.0,file_not_found
frame_00067.jpg,67,person,0.8678162097930908,309.09705,192.29553,646.57056,1190.1814,,0.0,file_not_found
frame_00067.jpg,67,person,0.7644281983375549,55.23044,153.76147,348.1874,1260.6632,,0.0,file_not_found
frame_00068.jpg,68,person,0.8632166981697083,309.13177,192.37012,646.85535,1189.7018,,0.0,file_not_found
frame_00068.jpg,68,person,0.7664605379104614,58.779053,152.27832,349.90433,1259.1694,,0.0,file_not_found
frame_00069.jpg,69,person,0.8710347414016724,308.44812,192.25073,646.2521,1188.0227,,0.0,file_not_found
frame_00069.jpg,69,person,0.7727081179618835,67.331696,154.14233,350.5888,1257.8408,,0.0,file_not_found
frame_00070.jpg,70,person,0.8763150572776794,307.6294,192.4613,646.21136,1189.778,,0.0,file_not_found
frame_00070.jpg,70,person,0.769253134727478,68.670135,153.15283,355.12888,1256.9608,,0.0,file_not_found
frame_00071.jpg,71,person,0.8761703968048096,307.78375,192.68555,646.98376,1190.3926,,0.0,file_not_found
frame_00071.jpg,71,person,0.7803067564964294,72.6875,152.19934,350.91412,1256.0386,,0.0,file_not_found
frame_00072.jpg,72,person,0.8784270882606506,308.06104,192.04065,646.9055,1186.7915,,0.0,file_not_found
frame_00072.jpg,72,person,0.7832961678504944,72.15692,151.38452,352.76288,1254.7313,,0.0,file_not_found
frame_00072.jpg,72,potted plant,0.264642059803009,564.38965,137.77829,720.0,321.0953,,0.0,file_not_found
frame_00073.jpg,73,person,0.8836538195610046,308.0963,191.59033,646.9987,1187.2832,,0.0,file_not_found
frame_00073.jpg,73,person,0.7862908840179443,72.60025,152.05981,345.26123,1256.5854,,0.0,file_not_found
frame_00074.jpg,74,person,0.8807508945465088,311.12866,196.63602,644.50854,1181.4343,,0.0,file_not_found
frame_00074.jpg,74,person,0.7898696660995483,72.23544,151.78308,345.49454,1259.485,,0.0,file_not_found
frame_00075.jpg,75,person,0.8777583241462708,311.0738,196.3511,644.87177,1182.5334,,0.0,file_not_found
frame_00075.jpg,75,person,0.7895050644874573,74.36014,150.29175,345.5684,1264.3345,,0.0,file_not_found
frame_00076.jpg,76,person,0.877007007598877,311.62494,195.69202,645.5878,1185.7546,,0.0,file_not_found
frame_00076.jpg,76,person,0.789245069026947,75.99869,149.54285,348.0907,1263.0354,,0.0,file_not_found
frame_00077.jpg,77,person,0.8714898228645325,311.51636,194.98535,646.4763,1187.5754,,0.0,file_not_found
frame_00077.jpg,77,person,0.7873971462249756,76.23303,151.76648,349.86597,1264.2213,,0.0,file_not_found
frame_00078.jpg,78,person,0.8713226318359375,311.29785,194.82596,646.8672,1188.529,,0.0,file_not_found
frame_00078.jpg,78,person,0.7796050906181335,76.25488,151.75159,349.28052,1261.3828,,0.0,file_not_found
frame_00079.jpg,79,person,0.8725327849388123,311.2625,193.40161,647.19147,1189.7925,,0.0,file_not_found
frame_00079.jpg,79,person,0.7801486849784851,73.8866,152.08618,348.09546,1263.1094,,0.0,file_not_found
frame_00080.jpg,80,person,0.8724597692489624,311.68115,192.16882,647.34033,1197.2957,,0.0,file_not_found
frame_00080.jpg,80,person,0.781090497970581,71.75354,150.5509,348.01666,1265.2311,,0.0,file_not_found
frame_00080.jpg,80,handbag,0.250764936208725,522.6145,770.43555,648.03296,1095.1873,,0.0,file_not_found
frame_00081.jpg,81,person,0.8743955492973328,311.26135,192.36133,647.59973,1197.7865,,0.0,file_not_found
frame_00081.jpg,81,person,0.7853097915649414,73.719055,149.61963,348.41583,1264.3898,,0.0,file_not_found
frame_00082.jpg,82,person,0.875538170337677,311.19806,192.04941,647.9184,1196.922,,0.0,file_not_found
frame_00082.jpg,82,person,0.795559823513031,72.14847,149.1034,346.86475,1264.999,,0.0,file_not_found
frame_00083.jpg,83,person,0.8790812492370605,311.28308,191.76541,648.00214,1197.8271,,0.0,file_not_found
frame_00083.jpg,83,person,0.7982602715492249,73.447876,147.25415,346.51776,1263.5532,,0.0,file_not_found
frame_00084.jpg,84,person,0.8839187622070312,311.24506,189.88583,647.4976,1197.6381,,0.0,file_not_found
frame_00084.jpg,84,person,0.796932578086853,69.58484,145.00195,347.109,1264.396,,0.0,file_not_found
frame_00085.jpg,85,person,0.8815717101097107,309.53088,188.17783,647.36365,1199.0045,,0.0,file_not_found
frame_00085.jpg,85,person,0.7910889983177185,65.433014,140.53613,349.76993,1266.1173,,0.0,file_not_found
frame_00086.jpg,86,person,0.8775237202644348,309.67657,184.67526,647.3205,1200.9983,,0.0,file_not_found
frame_00086.jpg,86,person,0.7921277284622192,59.881134,134.73901,348.7111,1267.5366,,0.0,file_not_found
frame_00086.jpg,86,handbag,0.2729779779911041,507.18213,760.27,649.9324,1094.6805,,0.0,file_not_found
frame_00087.jpg,87,person,0.8753955960273743,309.513,185.81201,647.39764,1200.5717,,0.0,file_not_found
frame_00087.jpg,87,person,0.7946381568908691,56.46692,130.44946,345.86957,1266.0186,,0.0,file_not_found
frame_00087.jpg,87,handbag,0.260418951511383,507.2389,759.17737,650.0399,1094.6421,,0.0,file_not_found
frame_00088.jpg,88,person,0.8773081302642822,308.48834,184.05444,652.161,1215.4763,,0.0,file_not_found
frame_00088.jpg,88,person,0.7956318855285645,47.248383,133.4248,345.63644,1265.7317,,0.0,file_not_found
frame_00089.jpg,89,person,0.8762764930725098,309.55,183.37314,647.8973,1202.7816,,0.0,file_not_found
frame_00089.jpg,89,person,0.8038960099220276,54.41864,133.46973,344.0181,1266.1316,,0.0,file_not_found
frame_00090.jpg,90,person,0.8756594061851501,308.11072,182.15845,652.21716,1213.1624,,0.0,file_not_found
frame_00090.jpg,90,person,0.806877851486206,47.62024,130.8451,344.22876,1266.6361,,0.0,file_not_found
frame_00091.jpg,91,person,0.8754380941390991,309.29913,184.11063,648.14404,1204.2324,,0.0,file_not_found
frame_00091.jpg,91,person,0.8122371435165405,40.53055,128.0498,344.5903,1267.5806,,0.0,file_not_found
frame_00092.jpg,92,person,0.8758068084716797,307.87958,180.29626,652.01917,1210.1367,,0.0,file_not_found
frame_00092.jpg,92,person,0.8099401593208313,40.89624,126.7262,344.42328,1267.6715,,0.0,file_not_found
frame_00093.jpg,93,person,0.9208357930183412,0.0,0.0,717.4109,1275.6304,,0.0,file_not_found
frame_00094.jpg,94,person,0.9235869646072388,0.0,0.38793945,717.4606,1275.5896,,0.0,file_not_found
frame_00095.jpg,95,person,0.922749638557434,0.0,0.022094727,717.4269,1275.6315,,0.0,file_not_found
frame_00096.jpg,96,person,0.9194773435592652,0.0,0.107666016,717.56665,1275.0348,,0.0,file_not_found
frame_00097.jpg,97,person,0.9192178249359132,0.0,0.0,717.4835,1275.483,,0.0,file_not_found
frame_00098.jpg,98,person,0.9182509183883668,1.6708984,0.0,712.3152,1275.79,,0.0,file_not_found
frame_00099.jpg,99,person,0.9174011945724488,1.3734131,0.0,712.2085,1275.662,,0.0,file_not_found
frame_00100.jpg,100,person,0.9173501133918762,0.0,0.0,717.51636,1275.1384,,0.0,file_not_found
frame_00101.jpg,101,person,0.915045201778412,0.0,0.0,717.29425,1276.6265,,0.0,file_not_found
frame_00102.jpg,102,person,0.9195449948310852,0.0,0.0,717.48846,1277.2196,,0.0,file_not_found
frame_00103.jpg,103,person,0.92044198513031,0.0,0.0,717.7858,1277.6672,,0.0,file_not_found
frame_00104.jpg,104,person,0.9186081290245056,0.0,0.0,717.8644,1274.3164,,0.0,file_not_found
frame_00105.jpg,105,person,0.9191634058952332,0.7211304,0.0,717.536,1274.0864,,0.0,file_not_found
frame_00106.jpg,106,person,0.9193252921104432,0.0,0.0,717.6067,1273.7959,,0.0,file_not_found
frame_00107.jpg,107,person,0.9148681163787842,0.0,0.0,717.42676,1276.1964,,0.0,file_not_found
frame_00108.jpg,108,person,0.9177368879318236,0.0,0.0,717.3358,1274.6608,,0.0,file_not_found
frame_00109.jpg,109,person,0.9115442633628844,1.4028931,0.0,713.077,1272.4052,,0.0,file_not_found
frame_00110.jpg,110,person,0.9126933217048644,0.0,0.0,718.2776,1274.8412,,0.0,file_not_found
frame_00111.jpg,111,person,0.9121829867362976,0.0,0.0,717.90625,1275.1234,,0.0,file_not_found
frame_00112.jpg,112,person,0.9119855165481568,0.0,0.0,718.2688,1276.1708,,0.0,file_not_found
frame_00113.jpg,113,person,0.9107778072357178,0.0,0.0,717.9531,1277.01,,0.0,file_not_found
frame_00114.jpg,114,person,0.9119742512702942,0.0,0.0,718.19476,1275.4036,,0.0,file_not_found
frame_00115.jpg,115,person,0.9058534502983092,0.89801025,0.0,714.2549,1274.7054,,0.0,file_not_found
frame_00116.jpg,116,person,0.9019502401351928,0.78686523,0.0,716.24646,1275.6052,,0.0,file_not_found
frame_00117.jpg,117,person,0.9051042199134828,0.84246826,0.0,714.9683,1277.061,,0.0,file_not_found
frame_00118.jpg,118,person,0.9009328484535216,0.67681885,0.0,714.4777,1276.2568,,0.0,file_not_found
frame_00119.jpg,119,person,0.901749849319458,0.78808594,0.0,714.65015,1275.9932,,0.0,file_not_found
frame_00120.jpg,120,person,0.8961871266365051,0.44555664,0.0,714.547,1276.1234,,0.0,file_not_found
frame_00121.jpg,121,person,0.9011483788490297,0.66223145,0.0,714.19604,1275.6167,,0.0,file_not_found
frame_00122.jpg,122,person,0.9046735167503356,0.7982178,0.0,713.9962,1277.1183,,0.0,file_not_found
frame_00123.jpg,123,person,0.9212648868560792,0.45666504,25.780273,719.77466,1250.1221,,0.0,file_not_found
frame_00123.jpg,123,chair,0.3304811418056488,610.65717,686.07935,720.0,931.198,,0.0,file_not_found
frame_00123.jpg,123,chair,0.2561365664005279,49.379517,659.64185,219.71063,968.95435,,0.0,file_not_found
frame_00124.jpg,124,person,0.9206823110580444,0.0,24.43518,719.85767,1253.4745,,0.0,file_not_found
frame_00124.jpg,124,chair,0.3834321796894073,609.00586,684.35815,720.0,940.2842,,0.0,file_not_found
frame_00125.jpg,125,person,0.917333960533142,0.0,18.748901,720.0,1240.6172,,0.0,file_not_found
frame_00125.jpg,125,chair,0.4195786714553833,608.3793,682.5764,720.0,938.5764,,0.0,file_not_found
frame_00126.jpg,126,person,0.9192728996276855,0.12017822,15.026489,720.0,1242.2633,,0.0,file_not_found
frame_00126.jpg,126,chair,0.4501155912876129,608.1906,678.4407,720.0,937.9912,,0.0,file_not_found
frame_00127.jpg,127,person,0.9186943173408508,0.0,6.897949,720.0,1242.95,,0.0,file_not_found
frame_00127.jpg,127,chair,0.3118742406368255,46.329376,655.6216,213.79922,965.9917,,0.0,file_not_found
frame_00127.jpg,127,chair,0.3098294138908386,607.4473,676.4672,720.0,933.2164,,0.0,file_not_found
frame_00128.jpg,128,person,0.9149783849716188,0.0,4.970581,720.0,1243.5607,,0.0,file_not_found
frame_00128.jpg,128,chair,0.389037936925888,606.70154,676.5552,720.0,934.7555,,0.0,file_not_found
frame_00128.jpg,128,chair,0.2801848649978637,46.2489,653.9342,213.7786,964.8108,,0.0,file_not_found
frame_00129.jpg,129,person,0.9134190678596495,0.0,4.190674,720.0,1256.1775,,0.0,file_not_found
frame_00129.jpg,129,chair,0.500653862953186,607.109,675.3069,720.0,932.6593,,0.0,file_not_found
frame_00129.jpg,129,chair,0.3142637014389038,46.938026,651.57495,213.18015,957.9187,,0.0,file_not_found
frame_00130.jpg,130,person,0.9170160889625548,0.0,3.946045,720.0,1267.4995,,0.0,file_not_found
frame_00130.jpg,130,chair,0.5289453864097595,606.16016,673.03125,720.0,934.49805,,0.0,file_not_found
frame_00131.jpg,131,person,0.9166641235351562,0.0,3.7305908,720.0,1266.9985,,0.0,file_not_found
frame_00131.jpg,131,chair,0.5205351114273071,604.62115,671.324,720.0,936.0713,,0.0,file_not_found
frame_00131.jpg,131,chair,0.3500893712043762,46.072212,647.90894,212.12122,955.28186,,0.0,file_not_found
frame_00132.jpg,132,person,0.911896824836731,0.0,3.985962,720.0,1266.8226,,0.0,file_not_found
frame_00132.jpg,132,chair,0.4426459372043609,601.807,670.5211,720.0,938.00037,,0.0,file_not_found
frame_00132.jpg,132,chair,0.3149700164794922,44.139404,647.14685,210.164,954.5509,,0.0,file_not_found
frame_00133.jpg,133,person,0.9155295491218568,0.0,3.8100586,720.0,1273.4421,,0.0,file_not_found
frame_00133.jpg,133,chair,0.3867457807064056,601.6023,670.021,720.0,933.27295,,0.0,file_not_found
frame_00133.jpg,133,chair,0.2868366241455078,42.161057,644.32056,209.63203,946.3867,,0.0,file_not_found
frame_00134.jpg,134,person,0.9091869592666626,0.0,3.491455,720.0,1274.3575,,0.0,file_not_found
frame_00134.jpg,134,chair,0.3737315237522125,599.80865,668.39355,720.0,935.4514,,0.0,file_not_found
frame_00135.jpg,135,person,0.9111045598983764,0.0,3.4082031,720.0,1276.0774,,0.0,file_not_found
frame_00135.jpg,135,chair,0.3113739192485809,596.2623,669.1205,720.0,942.28796,,0.0,file_not_found
frame_00136.jpg,136,person,0.9086441397666932,0.0,2.6854248,720.0,1276.5718,,0.0,file_not_found
frame_00137.jpg,137,person,0.9128230214118958,0.0,1.9488525,720.0,1278.1073,,0.0,file_not_found
frame_00138.jpg,138,person,0.9166414737701416,0.0,1.6474609,720.0,1278.1785,,0.0,file_not_found
frame_00139.jpg,139,person,0.9161173701286316,0.0,1.9276123,720.0,1277.0302,,0.0,file_not_found
frame_00140.jpg,140,person,0.9161125421524048,0.0,2.241455,720.0,1276.9333,,0.0,file_not_found
frame_00141.jpg,141,person,0.9203007221221924,0.0,2.5167236,720.0,1276.1744,,0.0,file_not_found
frame_00142.jpg,142,person,0.9231225848197936,0.0,2.758667,720.0,1276.6263,,0.0,file_not_found
frame_00143.jpg,143,person,0.918197751045227,0.0,2.6904297,720.0,1275.8301,,0.0,file_not_found
frame_00144.jpg,144,person,0.9158682823181152,0.0,3.2313232,720.0,1275.7971,,0.0,file_not_found
frame_00145.jpg,145,person,0.9068444967269896,0.0,3.4139404,720.0,1275.9414,,0.0,file_not_found
frame_00146.jpg,146,person,0.8999377489089966,0.0,3.2088623,720.0,1276.4088,,0.0,file_not_found
frame_00147.jpg,147,person,0.9069310426712036,0.0,3.4552002,720.0,1277.6394,,0.0,file_not_found
frame_00148.jpg,148,person,0.9075335264205932,0.0,4.077881,720.0,1278.5405,,0.0,file_not_found
frame_00149.jpg,149,person,0.9104882478713988,0.0,4.1341553,720.0,1279.081,,0.0,file_not_found
frame_00150.jpg,150,person,0.9047713875770568,0.0,3.4871826,720.0,1277.947,,0.0,file_not_found
frame_00151.jpg,151,person,0.907126009464264,0.0,3.734375,720.0,1280.0,,0.0,file_not_found
frame_00152.jpg,152,person,0.9072718024253844,0.0,3.3259277,720.0,1279.4861,,0.0,file_not_found
frame_00153.jpg,153,person,0.9068862199783324,0.0,3.9246826,720.0,1279.2662,,0.0,file_not_found
frame_00154.jpg,154,person,0.9067370295524596,0.0,4.135132,720.0,1278.8033,,0.0,file_not_found
frame_00155.jpg,155,person,0.9063852429389954,0.0,4.1086426,720.0,1277.8989,,0.0,file_not_found
frame_00156.jpg,156,person,0.3461055159568786,203.0581,157.1759,719.2218,1131.4963,,0.0,file_not_found
frame_00156.jpg,156,person,0.2901945114135742,5.475769,6.932251,696.7437,1263.0482,,0.0,file_not_found
frame_00157.jpg,157,person,0.3294015526771545,214.79305,882.07446,720.0,1094.0991,,0.0,file_not_found
frame_00157.jpg,157,person,0.2560029327869415,210.75226,159.35818,719.3731,1158.2219,,0.0,file_not_found
frame_00158.jpg,158,person,0.3962981700897217,215.72548,878.6915,720.0,1091.2816,,0.0,file_not_found
frame_00158.jpg,158,person,0.3755945563316345,212.0035,108.161865,719.0827,1192.5613,,0.0,file_not_found
frame_00158.jpg,158,person,0.3260870277881622,3.3795776,84.71948,716.50616,1275.521,,0.0,file_not_found
frame_00159.jpg,159,person,0.3377076089382171,214.91187,874.23987,720.0,1115.1182,,0.0,file_not_found
frame_00159.jpg,159,person,0.3067332804203033,1.994873,19.451416,675.2457,1268.6702,,0.0,file_not_found
frame_00160.jpg,160,person,0.3932228684425354,230.03362,867.1681,720.0,1105.778,,0.0,file_not_found
frame_00160.jpg,160,person,0.3171314895153045,5.3342896,6.6900635,698.32227,1271.3639,,0.0,file_not_found
frame_00160.jpg,160,person,0.3068880438804626,13.651611,80.85367,685.2125,964.4855,,0.0,file_not_found
frame_00160.jpg,160,person,0.3013298809528351,302.62854,4.128174,719.07104,661.69403,,0.0,file_not_found
frame_00161.jpg,161,person,0.4814487099647522,227.44838,863.2014,720.0,1108.4866,,0.0,file_not_found
frame_00161.jpg,161,person,0.4386916756629944,12.798706,42.52307,702.9249,1274.5011,,0.0,file_not_found
frame_00161.jpg,161,person,0.3812295198440552,32.27661,95.79816,711.32275,963.9244,,0.0,file_not_found
frame_00161.jpg,161,person,0.3473888039588928,222.17946,111.338745,719.4529,1196.1438,,0.0,file_not_found
frame_00162.jpg,162,person,0.4788855910301208,5.6881714,30.720215,718.10297,1060.8328,,0.0,file_not_found
frame_00162.jpg,162,person,0.4506270885467529,233.92639,862.62134,720.0,1095.6816,,0.0,file_not_found
frame_00162.jpg,162,person,0.2819347083568573,227.2642,190.65451,719.94025,1192.2698,,0.0,file_not_found
frame_00162.jpg,162,umbrella,0.2523714005947113,302.5536,0.14125061,719.2262,190.88075,,0.0,file_not_found
frame_00163.jpg,163,person,0.5212116241455078,240.22742,861.45776,719.6802,1091.3293,,0.0,file_not_found
frame_00163.jpg,163,person,0.4387883245944977,16.485596,13.29541,708.54785,1216.1243,,0.0,file_not_found
frame_00163.jpg,163,umbrella,0.2642652988433838,301.4119,0.08885193,719.3784,194.00203,,0.0,file_not_found
frame_00163.jpg,163,person,0.2576909959316253,225.12451,191.81412,720.0,1177.3126,,0.0,file_not_found
frame_00164.jpg,164,person,0.4512175917625427,244.18732,864.5835,719.4149,1109.7136,,0.0,file_not_found
frame_00164.jpg,164,person,0.2773119807243347,48.11664,39.718445,715.00977,928.5553,,0.0,file_not_found
frame_00165.jpg,165,person,0.2982264161109924,39.802124,37.330994,713.657,948.744,,0.0,file_not_found
frame_00165.jpg,165,person,0.2918786704540252,240.99347,869.0969,719.42474,1089.6658,,0.0,file_not_found
frame_00166.jpg,166,person,0.4537396430969238,245.84119,874.27295,719.60535,1097.2039,,0.0,file_not_found
frame_00166.jpg,166,person,0.3734957277774811,62.539917,28.267883,715.52466,951.1439,,0.0,file_not_found
frame_00167.jpg,167,person,0.5020785331726074,249.81793,878.7969,719.6071,1097.2904,,0.0,file_not_found
frame_00167.jpg,167,person,0.2825056314468384,70.61536,78.03592,714.8489,1034.9541,,0.0,file_not_found
frame_00167.jpg,167,person,0.2577804028987884,302.97644,5.430237,719.02295,656.92126,,0.0,file_not_found
frame_00169.jpg,169,person,0.282890260219574,244.3836,887.3961,720.0,1113.918,,0.0,file_not_found
frame_00170.jpg,170,person,0.2847615480422973,247.37085,894.74585,719.0077,1118.3223,,0.0,file_not_found
frame_00172.jpg,172,person,0.6206890344619751,259.87756,895.9464,719.4592,1125.3413,,0.0,file_not_found
frame_00173.jpg,173,person,0.5722118020057678,252.81824,901.24536,719.8059,1129.9679,,0.0,file_not_found
frame_00174.jpg,174,person,0.259773313999176,258.2643,901.5034,720.0,1136.1592,,0.0,file_not_found
frame_00175.jpg,175,person,0.3447612524032593,252.74939,905.9324,720.0,1139.5815,,0.0,file_not_found
frame_00175.jpg,175,person,0.2504810094833374,0.0,0.0,718.36096,1276.4797,,0.0,file_not_found
frame_00176.jpg,176,person,0.3457594513893127,0.0,0.0,720.0,1276.4226,,0.0,file_not_found
frame_00176.jpg,176,person,0.2729633450508117,255.16537,911.5733,720.0,1144.4175,,0.0,file_not_found
frame_00177.jpg,177,person,0.3398700356483459,0.0,0.0,719.4761,1269.0989,,0.0,file_not_found
frame_00177.jpg,177,person,0.3245685994625091,250.16882,910.0598,719.8841,1154.8733,,0.0,file_not_found
frame_00177.jpg,177,person,0.2729457020759582,246.13123,220.85031,719.49854,1164.4099,,0.0,file_not_found
frame_00181.jpg,181,person,0.4021622836589813,257.5579,929.3352,720.0,1184.4541,,0.0,file_not_found
frame_00185.jpg,185,person,0.802871823310852,5.713135,1.1751709,708.7735,1262.2004,,0.0,file_not_found
frame_00186.jpg,186,person,0.8559852242469788,5.1401367,0.13745117,720.0,1272.8787,,0.0,file_not_found
frame_00187.jpg,187,person,0.8604894876480103,4.2633057,5.173584,720.0,1265.8911,,0.0,file_not_found
frame_00188.jpg,188,person,0.8517924547195435,7.387329,1.4907227,720.0,1272.4371,,0.0,file_not_found
frame_00189.jpg,189,person,0.8800395131111145,4.6085815,3.263794,720.0,1271.0824,,0.0,file_not_found
frame_00190.jpg,190,person,0.8780390620231628,6.100952,1.8170166,720.0,1272.8612,,0.0,file_not_found
frame_00191.jpg,191,person,0.8642838597297668,6.28656,2.2939453,719.6156,1274.2463,,0.0,file_not_found
frame_00192.jpg,192,person,0.8624771237373352,2.3069458,2.763916,719.70685,1273.522,,0.0,file_not_found
frame_00193.jpg,193,person,0.8701592087745667,5.39563,2.170166,718.2925,1274.4614,,0.0,file_not_found
frame_00194.jpg,194,person,0.8697875142097473,5.095581,1.7523193,719.47314,1273.3268,,0.0,file_not_found
frame_00195.jpg,195,person,0.8674466609954834,5.119446,2.1716309,717.6858,1273.7002,,0.0,file_not_found
frame_00196.jpg,196,person,0.8678703904151917,3.9551392,1.963501,718.3563,1273.8107,,0.0,file_not_found
frame_00197.jpg,197,person,0.8791505098342896,4.1170654,1.6795654,717.593,1273.4299,,0.0,file_not_found
frame_00198.jpg,198,person,0.8860828280448914,3.5237427,0.92993164,716.53894,1274.022,,0.0,file_not_found
frame_00199.jpg,199,person,0.8702602982521057,2.090454,3.9212646,718.02686,1275.3351,,0.0,file_not_found
frame_00200.jpg,200,person,0.875373125076294,0.22015381,4.581543,717.17584,1276.6426,,0.0,file_not_found
frame_00201.jpg,201,person,0.8767319321632385,0.0,5.503174,713.98865,1276.6428,,0.0,file_not_found
frame_00202.jpg,202,person,0.8745534420013428,0.0,6.0008545,710.82196,1278.8497,,0.0,file_not_found
frame_00203.jpg,203,person,0.8597865700721741,0.0,6.494995,711.1019,1277.6322,,0.0,file_not_found
frame_00204.jpg,204,person,0.8755578994750977,0.0,5.2543945,714.8139,1277.4846,,0.0,file_not_found
frame_00205.jpg,205,person,0.8861358761787415,0.0,4.38916,720.0,1276.6416,,0.0,file_not_found
frame_00205.jpg,205,cell phone,0.266365647315979,462.69955,223.49507,585.2157,429.87946,,0.0,file_not_found
frame_00206.jpg,206,person,0.8888739943504333,0.0,3.4189453,720.0,1276.0747,,0.0,file_not_found
frame_00207.jpg,207,person,0.8840905427932739,0.0,0.07165527,720.0,1276.0114,,0.0,file_not_found
frame_00208.jpg,208,person,0.8723246455192566,0.0,0.70336914,720.0,1276.4979,,0.0,file_not_found
frame_00209.jpg,209,person,0.8649160265922546,0.0,0.18066406,720.0,1276.544,,0.0,file_not_found
frame_00210.jpg,210,person,0.8873481750488281,0.0,0.0,720.0,1277.5435,,0.0,file_not_found
frame_00211.jpg,211,person,0.8784714937210083,0.0,0.0,718.54553,1276.2245,,0.0,file_not_found
frame_00212.jpg,212,person,0.8705260157585144,0.0,0.0,715.03827,1275.8755,,0.0,file_not_found
frame_00213.jpg,213,person,0.8686337471008301,0.0,0.0,716.2855,1275.5356,,0.0,file_not_found
frame_00214.jpg,214,person,0.8683423399925232,0.0,0.0,715.9635,1275.0591,,0.0,file_not_found
frame_00215.jpg,215,person,0.8607969880104065,0.0,0.0,714.6275,1274.9813,,0.0,file_not_found
frame_00216.jpg,216,person,0.8776625990867615,0.0,0.0,713.83466,1275.7058,,0.0,file_not_found
frame_00217.jpg,217,person,0.8749409914016724,0.0,0.25708008,714.6879,1274.0957,,0.0,file_not_found
frame_00218.jpg,218,tv,0.5143716335296631,4.4836426,12.97818,709.30133,429.364,,0.0,file_not_found
frame_00218.jpg,218,person,0.3746490478515625,0.23400879,321.02405,689.1603,927.3224,,0.0,file_not_found
frame_00218.jpg,218,person,0.3614824712276459,259.8106,641.79443,681.58673,925.61865,,0.0,file_not_found
frame_00219.jpg,219,person,0.3966876864433288,3.1018066,319.2956,691.91943,944.9953,,0.0,file_not_found
frame_00219.jpg,219,person,0.3669371604919433,0.0,318.3406,690.0157,757.60156,,0.0,file_not_found
frame_00219.jpg,219,tv,0.3279548585414886,3.018982,11.487335,712.6798,427.88644,,0.0,file_not_found
frame_00219.jpg,219,person,0.3175163865089416,259.35785,641.46783,683.72327,927.00323,,0.0,file_not_found
frame_00220.jpg,220,person,0.4295652210712433,0.0,317.76862,691.70294,738.5025,,0.0,file_not_found
frame_00220.jpg,220,person,0.3642245233058929,0.0,318.8095,691.46594,919.0927,,0.0,file_not_found
frame_00220.jpg,220,person,0.2746917903423309,255.591,642.05334,685.4806,927.4608,,0.0,file_not_found
frame_00221.jpg,221,person,0.3956849873065948,0.0,318.12372,690.55707,745.96466,,0.0,file_not_found
frame_00221.jpg,221,person,0.2828250825405121,1.7969971,317.9657,693.0325,949.1211,,0.0,file_not_found
frame_00221.jpg,221,person,0.2556920051574707,1.6680908,640.9496,684.0405,967.3302,,0.0,file_not_found
frame_00222.jpg,222,person,0.389665275812149,0.0,317.62442,691.4798,738.266,,0.0,file_not_found
frame_00222.jpg,222,person,0.3641421198844909,0.0,318.32068,691.26636,928.70984,,0.0,file_not_found
frame_00222.jpg,222,person,0.3262713849544525,252.52069,641.7655,685.1999,933.37634,,0.0,file_not_found
frame_00223.jpg,223,person,0.386259526014328,0.0,316.77527,692.97955,751.03015,,0.0,file_not_found
frame_00223.jpg,223,person,0.3838049471378326,250.57452,642.04834,688.5267,940.0486,,0.0,file_not_found
frame_00223.jpg,223,person,0.2945759892463684,1.0266113,314.8191,696.063,942.3181,,0.0,file_not_found
frame_00224.jpg,224,person,0.3639726936817169,0.0,316.60052,694.9023,752.7674,,0.0,file_not_found
frame_00224.jpg,224,person,0.2987062633037567,250.95166,642.4376,689.60876,939.19543,,0.0,file_not_found
frame_00225.jpg,225,person,0.3831541240215301,0.0,315.9472,697.5407,753.169,,0.0,file_not_found
frame_00225.jpg,225,tv,0.3376742005348205,0.0,2.8318787,711.73804,424.334,,0.0,file_not_found
frame_00225.jpg,225,person,0.2774362564086914,249.95123,642.6355,692.2509,937.3174,,0.0,file_not_found
frame_00226.jpg,226,tv,0.446478933095932,0.0,2.7747803,715.24976,423.66473,,0.0,file_not_found
frame_00226.jpg,226,person,0.3744958639144897,0.0,314.9215,698.64996,753.6891,,0.0,file_not_found
frame_00226.jpg,226,person,0.3166956901550293,249.4798,643.21295,692.1025,938.42596,,0.0,file_not_found
frame_00227.jpg,227,person,0.358426570892334,0.0,314.4298,699.2586,759.7742,,0.0,file_not_found
frame_00227.jpg,227,tv,0.3356246650218963,0.0,3.0214539,711.53687,425.24612,,0.0,file_not_found
frame_00227.jpg,227,person,0.3094561398029327,247.35986,642.90735,692.78894,940.15857,,0.0,file_not_found
frame_00228.jpg,228,person,0.3911147117614746,0.0,313.29706,700.106,756.39716,,0.0,file_not_found
frame_00228.jpg,228,person,0.3455735146999359,249.72559,642.8656,692.6974,942.61926,,0.0,file_not_found
frame_00228.jpg,228,tv,0.2778753936290741,0.0,2.9863281,709.6689,423.82574,,0.0,file_not_found
frame_00229.jpg,229,person,0.4028037488460541,0.0,312.37527,700.287,769.95386,,0.0,file_not_found
frame_00229.jpg,229,tv,0.2695542871952057,0.0,2.9256592,711.31335,424.92526,,0.0,file_not_found
frame_00230.jpg,230,person,0.40083709359169,0.0,311.62988,700.66144,758.9977,,0.0,file_not_found
frame_00230.jpg,230,person,0.3151964843273163,1.7860718,646.371,693.70636,978.93274,,0.0,file_not_found
frame_00231.jpg,231,person,0.4142290949821472,0.53100586,648.32874,694.60547,982.4851,,0.0,file_not_found
frame_00231.jpg,231,person,0.3822312951087951,0.0,310.34732,702.54083,744.38635,,0.0,file_not_found
frame_00232.jpg,232,person,0.5078038573265076,0.05670166,650.08325,695.8027,984.2617,,0.0,file_not_found
frame_00232.jpg,232,person,0.3986274600028991,0.0,309.6577,704.30994,727.27734,,0.0,file_not_found
frame_00233.jpg,233,person,0.417801171541214,0.0,307.12485,705.6162,722.47156,,0.0,file_not_found
frame_00233.jpg,233,person,0.3974806368350982,0.0814209,648.91296,693.51196,986.3644,,0.0,file_not_found
frame_00233.jpg,233,potted plant,0.2853052616119385,593.7943,701.03296,681.11694,785.21826,,0.0,file_not_found
frame_00234.jpg,234,person,0.3748748004436493,0.0,306.0952,705.7415,711.90576,,0.0,file_not_found
frame_00234.jpg,234,person,0.3692129254341125,0.25445557,649.33984,691.5569,987.07434,,0.0,file_not_found
frame_00234.jpg,234,potted plant,0.2997659742832184,594.5956,700.5983,680.8712,785.2238,,0.0,file_not_found
frame_00234.jpg,234,person,0.2808443605899811,399.69485,305.15436,704.00903,575.5512,,0.0,file_not_found
frame_00235.jpg,235,person,0.4300358593463897,0.0,304.91992,706.10156,717.93616,,0.0,file_not_found
frame_00235.jpg,235,person,0.3613704741001129,399.14743,303.96277,703.63403,575.7417,,0.0,file_not_found
frame_00235.jpg,235,person,0.3510624468326568,0.0,655.2383,690.6443,990.7356,,0.0,file_not_found
frame_00235.jpg,235,potted plant,0.2931759357452392,595.04156,700.4519,681.24445,785.8213,,0.0,file_not_found
frame_00236.jpg,236,person,0.4597878158092499,0.0,304.3155,706.6047,723.94403,,0.0,file_not_found
frame_00236.jpg,236,person,0.4292803108692169,398.59937,303.3744,704.754,575.9928,,0.0,file_not_found
frame_00236.jpg,236,person,0.3458840847015381,0.27313232,658.9093,692.2598,991.2096,,0.0,file_not_found
frame_00236.jpg,236,potted plant,0.2934342622756958,595.3419,700.8971,681.0414,786.4193,,0.0,file_not_found
frame_00237.jpg,237,person,0.4302057325839996,398.25107,302.88434,704.3231,576.6221,,0.0,file_not_found
frame_00237.jpg,237,person,0.3956477046012878,0.6746826,303.6119,706.6349,751.2501,,0.0,file_not_found
frame_00237.jpg,237,potted plant,0.319479763507843,595.3944,701.3047,680.50745,788.83276,,0.0,file_not_found
frame_00237.jpg,237,person,0.3121960163116455,0.1494751,661.2976,691.5537,990.0952,,0.0,file_not_found
frame_00238.jpg,238,person,0.444758653640747,1.5939331,303.81195,706.6696,731.59186,,0.0,file_not_found
frame_00238.jpg,238,person,0.4229389429092407,397.36456,302.88672,704.6329,575.98584,,0.0,file_not_found
frame_00238.jpg,238,person,0.3855142593383789,0.2869873,662.7771,691.13354,986.29175,,0.0,file_not_found
frame_00238.jpg,238,potted plant,0.2890133559703827,595.10706,701.73865,679.7063,789.6454,,0.0,file_not_found
frame_00239.jpg,239,person,0.4219852983951568,398.50174,302.63715,704.37744,576.38306,,0.0,file_not_found
frame_00239.jpg,239,person,0.3640480637550354,0.0,666.24976,691.96387,988.397,,0.0,file_not_found
frame_00239.jpg,239,person,0.3590795397758484,2.7261963,303.78137,706.8723,749.3854,,0.0,file_not_found
frame_00239.jpg,239,potted plant,0.2903095483779907,594.8124,701.43896,679.1084,792.92456,,0.0,file_not_found
frame_00240.jpg,240,person,0.477055549621582,398.7517,302.76782,700.99133,577.7019,,0.0,file_not_found
frame_00240.jpg,240,person,0.3126313388347626,1.5814209,303.1,706.2389,740.9452,,0.0,file_not_found
frame_00240.jpg,240,potted plant,0.2738019526004791,415.03036,1103.2375,717.01965,1279.4905,,0.0,file_not_found
frame_00240.jpg,240,person,0.2565160095691681,0.0,655.1625,691.3845,991.6271,,0.0,file_not_found
frame_00241.jpg,241,person,0.4884896576404571,395.83774,302.6137,706.5436,579.4961,,0.0,file_not_found
frame_00241.jpg,241,person,0.4822691977024078,0.0,654.1897,693.5435,1011.50146,,0.0,file_not_found
frame_00241.jpg,241,person,0.3305236101150512,2.913086,302.94186,706.74133,724.0034,,0.0,file_not_found
frame_00242.jpg,242,person,0.5898148417472839,394.57446,302.4713,705.7643,580.23,,0.0,file_not_found
frame_00242.jpg,242,person,0.4473702907562256,0.0,655.0486,694.9575,1012.3286,,0.0,file_not_found
frame_00242.jpg,242,person,0.4130330085754394,1.7976685,302.22162,706.4489,719.45123,,0.0,file_not_found
frame_00243.jpg,243,person,0.5715103149414062,394.67688,300.99658,705.506,579.52423,,0.0,file_not_found
frame_00243.jpg,243,person,0.4071233570575714,0.90411377,300.82425,706.87146,727.4812,,0.0,file_not_found
frame_00243.jpg,243,person,0.3590426743030548,0.9136963,651.5641,696.3373,995.62585,,0.0,file_not_found
frame_00244.jpg,244,person,0.6470673084259033,392.29474,299.36212,706.4151,579.46155,,0.0,file_not_found
frame_00244.jpg,244,person,0.4242865145206451,1.1082153,298.97247,707.3424,711.3061,,0.0,file_not_found
frame_00244.jpg,244,person,0.4141784906387329,1.4822998,648.3728,695.7927,998.2556,,0.0,file_not_found
frame_00244.jpg,244,potted plant,0.2607558071613312,595.66077,701.43445,694.58923,795.40027,,0.0,file_not_found
frame_00245.jpg,245,person,0.5192751884460449,1.6816406,297.57837,707.9259,713.0344,,0.0,file_not_found
frame_00245.jpg,245,person,0.4937867820262909,393.53052,297.8557,708.2489,576.6881,,0.0,file_not_found
frame_00245.jpg,245,person,0.308912068605423,1.7750854,649.91943,697.16077,989.96704,,0.0,file_not_found
frame_00245.jpg,245,potted plant,0.2990860939025879,596.4242,702.1495,692.14417,795.2775,,0.0,file_not_found
frame_00246.jpg,246,person,0.5211532711982727,392.81396,295.17224,708.996,575.26575,,0.0,file_not_found
frame_00246.jpg,246,person,0.4665494561195373,1.3235474,296.11792,707.36304,699.39795,,0.0,file_not_found
frame_00246.jpg,246,person,0.3207988142967224,3.159607,648.6498,700.4258,993.2312,,0.0,file_not_found
frame_00246.jpg,246,potted plant,0.2598794400691986,597.4663,701.95703,691.3541,795.25,,0.0,file_not_found
frame_00247.jpg,247,person,0.5105628967285156,393.60703,291.96082,710.08655,574.0702,,0.0,file_not_found
frame_00247.jpg,247,person,0.4266058802604675,1.7007446,294.47595,708.0319,715.37415,,0.0,file_not_found
frame_00247.jpg,247,person,0.3017078340053558,2.8323364,648.0747,699.9643,987.81323,,0.0,file_not_found
frame_00247.jpg,247,tv,0.2685886025428772,0.0,2.9475098,713.51587,411.69,,0.0,file_not_found
frame_00248.jpg,248,person,0.5570589900016785,392.6792,289.79828,710.9226,574.0086,,0.0,file_not_found
frame_00248.jpg,248,person,0.4526653587818146,1.826416,293.00616,707.9446,701.7882,,0.0,file_not_found
frame_00248.jpg,248,person,0.3200989663600921,2.1773071,649.61523,701.2357,988.2145,,0.0,file_not_found
frame_00249.jpg,249,person,0.507874071598053,392.38626,288.04675,711.96094,573.54126,,0.0,file_not_found
frame_00249.jpg,249,person,0.4812993109226227,1.0336914,291.1994,708.5707,701.4387,,0.0,file_not_found
frame_00249.jpg,249,person,0.3612456023693084,0.99346924,649.4314,703.88947,991.07495,,0.0,file_not_found
frame_00250.jpg,250,person,0.6035679578781128,391.93362,289.25488,711.00854,574.5011,,0.0,file_not_found
frame_00250.jpg,250,person,0.4422509968280792,0.53045654,292.7882,708.5726,709.72156,,0.0,file_not_found
frame_00250.jpg,250,person,0.3404787480831146,1.7386475,646.27814,701.1666,990.07794,,0.0,file_not_found
frame_00251.jpg,251,person,0.8362095355987549,1.675415,4.3634033,522.1184,1280.0,,0.0,file_not_found
frame_00251.jpg,251,person,0.759371817111969,410.95255,175.95752,699.9896,1278.4285,,0.0,file_not_found
frame_00252.jpg,252,person,0.859778881072998,1.6532593,4.3081055,530.331,1280.0,,0.0,file_not_found
frame_00252.jpg,252,person,0.770143449306488,411.94846,176.96704,700.03687,1278.9161,,0.0,file_not_found
frame_00253.jpg,253,person,0.8543113470077515,1.4508057,4.286133,532.91614,1280.0,,0.0,file_not_found
frame_00253.jpg,253,person,0.7765127420425415,412.97028,169.08301,697.1003,1277.3296,,0.0,file_not_found
frame_00254.jpg,254,person,0.8604511618614197,1.2261353,4.2106934,532.2123,1280.0,,0.0,file_not_found
frame_00254.jpg,254,person,0.7792975306510925,413.118,169.27942,699.0292,1277.6332,,0.0,file_not_found
frame_00255.jpg,255,person,0.8637930750846863,1.2807617,3.4777832,542.54895,1280.0,,0.0,file_not_found
frame_00255.jpg,255,person,0.7763797640800476,412.79846,158.99243,698.71826,1277.0594,,0.0,file_not_found
frame_00256.jpg,256,person,0.8646242618560791,1.3434448,3.1801758,540.99146,1280.0,,0.0,file_not_found
frame_00256.jpg,256,person,0.7624015212059021,407.9018,143.70312,702.9327,1277.9669,,0.0,file_not_found
frame_00257.jpg,257,person,0.850506603717804,1.3834229,2.7443848,539.81775,1280.0,,0.0,file_not_found
frame_00257.jpg,257,person,0.7497722506523132,407.1627,167.24487,703.5751,1278.1709,,0.0,file_not_found
frame_00258.jpg,258,person,0.8507993817329407,1.2723999,2.8459473,551.0505,1280.0,,0.0,file_not_found
frame_00258.jpg,258,person,0.7414954900741577,405.98044,174.3053,705.5449,1278.3284,,0.0,file_not_found
frame_00259.jpg,259,person,0.8602960109710693,1.2684326,2.831665,544.32745,1280.0,,0.0,file_not_found
frame_00259.jpg,259,person,0.7430012822151184,407.1095,178.92566,705.1498,1278.3749,,0.0,file_not_found
frame_00260.jpg,260,person,0.857840359210968,1.2182617,2.8118896,553.1375,1280.0,,0.0,file_not_found
frame_00260.jpg,260,person,0.7562346458435059,408.13297,179.43799,702.9625,1277.4584,,0.0,file_not_found
frame_00261.jpg,261,person,0.8477450013160706,0.9255371,3.2214355,553.6592,1280.0,,0.0,file_not_found
frame_00261.jpg,261,person,0.7478740811347961,409.55087,176.86304,699.2084,1277.0143,,0.0,file_not_found
frame_00262.jpg,262,person,0.8781846761703491,0.8210449,2.6641846,552.2678,1280.0,,0.0,file_not_found
frame_00262.jpg,262,person,0.7608890533447266,408.03546,185.5138,699.50616,1277.4065,,0.0,file_not_found
frame_00263.jpg,263,person,0.8733095526695251,0.9146118,2.9991455,554.2159,1280.0,,0.0,file_not_found
frame_00263.jpg,263,person,0.7498710751533508,407.00256,180.37036,698.34875,1277.061,,0.0,file_not_found
frame_00264.jpg,264,person,0.8723118901252747,0.7435303,3.5473633,551.1138,1280.0,,0.0,file_not_found
frame_00264.jpg,264,person,0.7318234443664551,405.8125,179.29651,696.8141,1277.892,,0.0,file_not_found
frame_00265.jpg,265,person,0.8732519149780273,0.8440552,4.0579834,549.8719,1280.0,,0.0,file_not_found
frame_00265.jpg,265,person,0.7230015993118286,403.43423,181.03845,689.85974,1276.2502,,0.0,file_not_found
frame_00266.jpg,266,person,0.8857964873313904,1.0859375,4.3605957,552.9314,1280.0,,0.0,file_not_found
frame_00266.jpg,266,person,0.7208357453346252,402.41675,181.35156,686.86707,1276.9722,,0.0,file_not_found
frame_00266.jpg,266,potted plant,0.265194296836853,597.32007,79.366936,720.0,289.21802,,0.0,file_not_found
frame_00267.jpg,267,person,0.8749134540557861,1.2282715,3.8967285,557.81836,1280.0,,0.0,file_not_found
frame_00267.jpg,267,person,0.7361648082733154,401.055,192.87793,653.68304,1276.9603,,0.0,file_not_found
frame_00267.jpg,267,person,0.3343048393726349,460.33435,89.86951,694.99963,1278.0387,,0.0,file_not_found
frame_00267.jpg,267,potted plant,0.3238807916641235,596.4728,80.72443,720.0,290.04865,,0.0,file_not_found
frame_00268.jpg,268,person,0.8401509523391724,0.927124,3.2922363,578.96027,1277.5874,,0.0,file_not_found
frame_00268.jpg,268,person,0.7367449998855591,400.10675,193.40552,653.1768,1276.7346,,0.0,file_not_found
frame_00268.jpg,268,potted plant,0.3806312978267669,596.0863,82.05884,720.0,288.8602,,0.0,file_not_found
frame_00269.jpg,269,person,0.8473376631736755,1.1044922,3.3363037,584.72266,1278.3165,,0.0,file_not_found
frame_00269.jpg,269,person,0.7343733906745911,399.60425,193.34961,654.6478,1276.395,,0.0,file_not_found
frame_00269.jpg,269,potted plant,0.4117662012577057,595.5537,81.28674,720.0,289.14246,,0.0,file_not_found
frame_00270.jpg,270,person,0.8252984881401062,1.1605835,2.8685303,603.9418,1278.6241,,0.0,file_not_found
frame_00270.jpg,270,person,0.7128081321716309,398.4552,192.34253,656.1758,1274.8164,,0.0,file_not_found
frame_00270.jpg,270,potted plant,0.2834059000015259,594.77875,78.56122,720.0,288.51868,,0.0,file_not_found
frame_00271.jpg,271,person,0.8321675658226013,0.7954712,2.3294678,607.34863,1278.5682,,0.0,file_not_found
frame_00271.jpg,271,person,0.7011726498603821,397.71234,191.4773,658.06903,1272.9631,,0.0,file_not_found
frame_00272.jpg,272,person,0.8372952938079834,0.77368164,2.5186768,612.62537,1277.6672,,0.0,file_not_found
frame_00272.jpg,272,person,0.6850574612617493,397.24756,190.44751,657.59143,1272.6587,,0.0,file_not_found
frame_00272.jpg,272,potted plant,0.3172006011009216,593.59326,77.7389,719.5808,289.12292,,0.0,file_not_found
frame_00273.jpg,273,person,0.8342370390892029,0.7593994,2.5013428,623.10077,1277.399,,0.0,file_not_found
frame_00273.jpg,273,person,0.6960341930389404,398.526,188.06567,657.77026,1272.0864,,0.0,file_not_found
frame_00273.jpg,273,potted plant,0.2833112180233001,592.82623,73.522644,719.2812,288.42407,,0.0,file_not_found
frame_00274.jpg,274,person,0.8358301520347595,0.93408203,3.1376953,628.6218,1276.6533,,0.0,file_not_found
frame_00274.jpg,274,person,0.6763639450073242,398.12726,186.19849,659.0993,1268.7783,,0.0,file_not_found
frame_00275.jpg,275,person,0.8255083560943604,1.368042,0.0,647.74084,1276.0891,,0.0,file_not_found
frame_00275.jpg,275,person,0.669371485710144,398.78098,185.05652,658.126,1264.5419,,0.0,file_not_found
frame_00276.jpg,276,person,0.8341144919395447,0.0,1.37146,662.05176,1277.9779,,0.0,file_not_found
frame_00276.jpg,276,person,0.674238383769989,397.9133,184.25342,656.9209,1261.9589,,0.0,file_not_found
frame_00277.jpg,277,person,0.5726245045661926,0.0,3.9748535,720.0,1261.3438,,0.0,file_not_found
frame_00278.jpg,278,person,0.6521757245063782,0.0,0.0,720.0,1257.8707,,0.0,file_not_found
frame_00279.jpg,279,person,0.6206715703010559,0.22229004,0.0,720.0,1261.1575,,0.0,file_not_found
frame_00280.jpg,280,person,0.5316988229751587,1.0436401,0.0,720.0,1256.7533,,0.0,file_not_found
frame_00281.jpg,281,person,0.4419897198677063,1.5689697,0.0,719.07434,1261.8795,,0.0,file_not_found
frame_00281.jpg,281,person,0.2614983320236206,0.0,3.3464355,707.203,896.30994,,0.0,file_not_found
frame_00282.jpg,282,person,0.2906818389892578,2.3781128,0.0,718.34607,1258.054,,0.0,file_not_found
frame_00283.jpg,283,person,0.5112218260765076,2.769226,4.982666,719.0463,1261.046,,0.0,file_not_found
frame_00283.jpg,283,banana,0.2850980758666992,529.29944,1.3952637,717.67126,626.20715,,0.0,file_not_found
frame_00284.jpg,284,person,0.4494739174842834,2.7075195,3.895874,718.1096,1257.5144,,0.0,file_not_found
frame_00285.jpg,285,person,0.4808474481105804,2.4223633,2.750122,715.76624,1260.2833,,0.0,file_not_found
frame_00286.jpg,286,person,0.4354987442493438,2.086914,0.0,717.036,1264.1399,,0.0,file_not_found
frame_00287.jpg,287,person,0.5050279498100281,1.3027344,0.74609375,718.1544,1264.5176,,0.0,file_not_found
frame_00287.jpg,287,banana,0.2659162282943725,520.7656,1.5827026,717.6985,701.76154,,0.0,file_not_found
frame_00288.jpg,288,person,0.4693997800350189,0.6672363,0.0,720.0,1264.0942,,0.0,file_not_found
frame_00289.jpg,289,person,0.482979267835617,0.84228516,1.4462891,719.1815,1263.4558,,0.0,file_not_found
frame_00290.jpg,290,person,0.5085012316703796,1.1099854,0.8487549,720.0,1266.2505,,0.0,file_not_found
frame_00291.jpg,291,person,0.4227122962474823,2.4423828,1.341919,719.48535,1267.4917,,0.0,file_not_found
frame_00292.jpg,292,person,0.4574397504329681,2.729309,5.6015625,712.23346,1263.1494,,0.0,file_not_found
frame_00293.jpg,293,person,0.2727227210998535,4.76001,5.14624,711.0469,1263.0859,,0.0,file_not_found
frame_00294.jpg,294,person,0.2573748230934143,3.1165771,3.9389648,719.17163,1267.2405,,0.0,file_not_found
frame_00295.jpg,295,person,0.53666752576828,4.619446,4.6435547,713.92053,1261.2555,,0.0,file_not_found
frame_00296.jpg,296,person,0.5017449259757996,4.227478,3.498413,715.85144,1261.7504,,0.0,file_not_found
frame_00297.jpg,297,person,0.5224648118019104,3.876587,5.1677246,716.85,1259.219,,0.0,file_not_found
frame_00298.jpg,298,person,0.4038344621658325,2.166626,1.5068359,720.0,1266.9299,,0.0,file_not_found
frame_00299.jpg,299,person,0.4222709834575653,2.2191162,0.060424805,720.0,1269.1024,,0.0,file_not_found
frame_00300.jpg,300,person,0.4307665526866913,4.6401978,2.4250488,720.0,1256.903,,0.0,file_not_found
frame_00301.jpg,301,person,0.4825773239135742,2.6664429,1.713623,719.27545,1256.187,,0.0,file_not_found
frame_00302.jpg,302,person,0.4011498093605041,1.8408203,0.72631836,720.0,1249.0461,,0.0,file_not_found
frame_00303.jpg,303,person,0.4501476585865021,0.9378052,1.0732422,720.0,1253.5654,,0.0,file_not_found
frame_00304.jpg,304,person,0.840480387210846,9.051331,48.78235,701.33435,1278.1266,,0.0,file_not_found
frame_00305.jpg,305,person,0.8423182368278503,10.350464,51.311157,700.51355,1277.549,,0.0,file_not_found
frame_00306.jpg,306,person,0.8414478898048401,9.397522,51.738037,700.0238,1276.5669,,0.0,file_not_found
frame_00307.jpg,307,person,0.8421523571014404,10.076172,53.118896,698.27374,1276.1741,,0.0,file_not_found
frame_00308.jpg,308,person,0.8422384858131409,11.035217,56.69275,696.57074,1276.0446,,0.0,file_not_found
frame_00309.jpg,309,person,0.8271020650863647,10.970215,57.68457,695.05286,1276.6252,,0.0,file_not_found
frame_00310.jpg,310,person,0.8232749700546265,9.600342,57.873535,692.1361,1276.643,,0.0,file_not_found
frame_00311.jpg,311,person,0.8281681537628174,9.331238,55.411133,689.3871,1276.4739,,0.0,file_not_found
frame_00312.jpg,312,person,0.8436593413352966,4.117859,59.616455,685.8737,1276.7698,,0.0,file_not_found
frame_00313.jpg,313,person,0.8493517637252808,4.236511,57.886475,683.69586,1276.5117,,0.0,file_not_found
frame_00314.jpg,314,person,0.845588207244873,0.23553467,58.20398,680.16315,1276.3927,,0.0,file_not_found
frame_00315.jpg,315,person,0.8498396277427673,0.82318115,58.451294,678.6008,1276.3696,,0.0,file_not_found
frame_00316.jpg,316,person,0.8526817560195923,2.2406006,57.267944,677.9088,1276.3917,,0.0,file_not_found
frame_00317.jpg,317,person,0.8525256514549255,0.87316895,57.145996,677.0307,1276.4553,,0.0,file_not_found
frame_00318.jpg,318,person,0.8500339984893799,1.7712402,56.869385,675.9856,1276.3652,,0.0,file_not_found
frame_00319.jpg,319,person,0.847745954990387,1.828064,56.745117,675.07806,1276.2747,,0.0,file_not_found
frame_00320.jpg,320,person,0.849014401435852,1.7732544,56.55359,674.12915,1276.1986,,0.0,file_not_found
frame_00321.jpg,321,person,0.8549866080284119,6.6156616,57.43164,676.99567,1277.3542,,0.0,file_not_found
frame_00322.jpg,322,person,0.8594279289245605,5.758362,58.277466,676.14276,1277.63,,0.0,file_not_found
frame_00323.jpg,323,person,0.8599023818969727,6.1763306,58.20044,675.3912,1277.3674,,0.0,file_not_found
frame_00324.jpg,324,person,0.8517026305198669,5.6258545,57.414185,675.38025,1277.5675,,0.0,file_not_found
frame_00325.jpg,325,person,0.8552396893501282,5.0562744,57.613647,674.7875,1278.0408,,0.0,file_not_found
frame_00326.jpg,326,person,0.8538715243339539,4.9923096,56.289917,673.7281,1278.1418,,0.0,file_not_found
frame_00327.jpg,327,person,0.855427086353302,4.0855713,54.809814,674.3275,1278.4448,,0.0,file_not_found
frame_00328.jpg,328,person,0.8572957515716553,5.6569214,54.02295,674.6978,1278.6589,,0.0,file_not_found
frame_00329.jpg,329,person,0.8524560928344727,6.466675,56.477173,676.2732,1278.4552,,0.0,file_not_found
frame_00329.jpg,329,chair,0.2954119443893432,0.72546387,698.4602,171.84918,1113.772,,0.0,file_not_found
frame_00330.jpg,330,person,0.8527876734733582,7.453064,55.979614,676.7138,1278.3049,,0.0,file_not_found
frame_00330.jpg,330,chair,0.3726666867733001,0.7269745,698.03174,174.95172,1112.3413,,0.0,file_not_found
frame_00331.jpg,331,person,0.824828565120697,161.85504,6.468506,720.0,1279.5637,,0.0,file_not_found
frame_00332.jpg,332,person,0.8310123682022095,164.3977,7.419922,720.0,1279.0693,,0.0,file_not_found
frame_00332.jpg,332,tie,0.2813110649585724,181.31966,341.2414,379.84198,740.418,,0.0,file_not_found
frame_00333.jpg,333,person,0.8314537405967712,169.97913,9.544434,720.0,1280.0,,0.0,file_not_found
frame_00334.jpg,334,person,0.8267519474029541,168.72955,13.201294,720.0,1279.6875,,0.0,file_not_found
frame_00335.jpg,335,person,0.833609402179718,166.75665,14.807617,720.0,1279.0491,,0.0,file_not_found
frame_00336.jpg,336,person,0.837818443775177,158.13367,17.08081,719.4561,1280.0,,0.0,file_not_found
frame_00337.jpg,337,person,0.8434740900993347,156.85663,21.004883,719.84644,1280.0,,0.0,file_not_found
frame_00338.jpg,338,person,0.8790408968925476,147.94995,21.460205,720.0,1280.0,,0.0,file_not_found
frame_00339.jpg,339,person,0.874552309513092,119.46997,19.266357,720.0,1279.8438,,0.0,file_not_found
frame_00340.jpg,340,person,0.8544848561286926,55.34778,5.6136475,720.0,1274.0543,,0.0,file_not_found
frame_00341.jpg,341,person,0.8638875484466553,119.25195,24.939087,720.0,1280.0,,0.0,file_not_found
frame_00342.jpg,342,person,0.8708584904670715,108.01367,24.296875,720.0,1280.0,,0.0,file_not_found
frame_00342.jpg,342,tie,0.25859135389328,105.28017,365.47034,474.88232,1194.8699,,0.0,file_not_found
frame_00343.jpg,343,person,0.8728781938552856,100.45349,22.0083,720.0,1280.0,,0.0,file_not_found
frame_00344.jpg,344,person,0.8817818760871887,104.418945,22.182129,720.0,1280.0,,0.0,file_not_found
frame_00345.jpg,345,person,0.8928880095481873,97.012634,25.575684,720.0,1280.0,,0.0,file_not_found
frame_00346.jpg,346,person,0.8978269100189209,82.925415,23.638428,720.0,1280.0,,0.0,file_not_found
frame_00347.jpg,347,person,0.8886626958847046,60.344116,20.094604,720.0,1280.0,,0.0,file_not_found
frame_00348.jpg,348,hot dog,0.4988353550434112,78.28247,1.8214111,720.0,1174.304,,0.0,file_not_found
frame_00363.jpg,363,sports ball,0.316485047340393,387.3852,556.3755,423.64435,592.1571,,0.0,file_not_found
frame_00364.jpg,364,sports ball,0.2885855734348297,387.31677,556.3344,423.73016,592.2247,,0.0,file_not_found
